{"cameraMode":{"drawMode":0,"name":"Shaded","section":"Shading Mode"},"sceneLighting":true,"audioPlay":false,"sceneViewState":{"showFog":true,"showMaterialUpdate":false,"showSkybox":true,"showFlares":true,"showImageEffects":true,"showParticleSystems":true,"showVisualEffectGraphs":true,"m_FxEnabled":true},"in2DMode":false,"pivot":{"x":-0.9552498459815979,"y":10.154778480529786,"z":31.501663208007814},"rotation":{"x":0.08793283998966217,"y":0.05876607447862625,"z":0.005144873633980751,"w":-0.9944482445716858},"size":20.315265655517579,"orthographic":false}